,L1,L2,L3,Land,KAP
GOODS,449,3282,3013,21903.17,614.9
TRADE,2729,4360,1851,9185.686,238.4
OTHER,6306,12396,5444,9900.878,480.5
HS1,0,0,0,56.04,484.5746235
HS2,0,0,0,32.06,289.9727085
HS3,0,0,0,59.48,555.3674719
FED,6,39,28,0,0
STATE,15,98,70,0,0
CITY,61,402,286,0,0