,OUTNEW1,OUTNEW2,OUTNEW3,OUTJAS1,OUTJAS2,OUTJAS3,OUTOTH1,OUTOTH2,OUTOTH3
HH1,0.06542811,0,0,0.112277868,0,0,0.48546042,0,0
HH2,0.033215548,0.072084806,0,0.053945819,0.141107185,0,0.054416961,0.133333333,0
HH3,0.030294329,0.065039483,0.024982053,0.044651831,0.126920316,0.056855707,0.058865757,0.151040919,0.064321608
HH4,0.031316124,0.08844689,0.156580618,0.047820567,0.166314008,0.231062209,0.052052476,0.168006771,0.255184088
HH5,0.018592297,0.086321381,0.1062417,0.035856574,0.163346614,0.167330677,0.022576361,0.102257636,0.111553785
